[
  { "id": 1, "name": "القاهرة", "name_en": "Cairo" },
  { "id": 2, "name": "الجيزة", "name_en": "Giza" },
  { "id": 3, "name": "الإسكندرية", "name_en": "Alexandria" },
  { "id": 4, "name": "الدقهلية", "name_en": "Dakahlia" },
  { "id": 5, "name": "الشرقية", "name_en": "Sharqia" },
  { "id": 6, "name": "القليوبية", "name_en": "Qalyubia" },
  { "id": 7, "name": "كفر الشيخ", "name_en": "Kafr El Sheikh" },
  { "id": 8, "name": "الغربية", "name_en": "Gharbia" },
  { "id": 9, "name": "المنوفية", "name_en": "Monufia" },
  { "id": 10, "name": "البحيرة", "name_en": "Beheira" },
  { "id": 11, "name": "الإسماعيلية", "name_en": "Ismailia" },
  { "id": 12, "name": "السويس", "name_en": "Suez" },
  { "id": 13, "name": "بورسعيد", "name_en": "Port Said" },
  { "id": 14, "name": "دمياط", "name_en": "Damietta" },
  { "id": 15, "name": "شمال سيناء", "name_en": "North Sinai" },
  { "id": 16, "name": "جنوب سيناء", "name_en": "South Sinai" },
  { "id": 17, "name": "المنيا", "name_en": "Minya" },
  { "id": 18, "name": "بني سويف", "name_en": "Beni Suef" },
  { "id": 19, "name": "الفيوم", "name_en": "Fayoum" },
  { "id": 20, "name": "أسيوط", "name_en": "Asyut" },
  { "id": 21, "name": "سوهاج", "name_en": "Sohag" },
  { "id": 22, "name": "قنا", "name_en": "Qena" },
  { "id": 23, "name": "الأقصر", "name_en": "Luxor" },
  { "id": 24, "name": "أسوان", "name_en": "Aswan" },
  { "id": 25, "name": "البحر الأحمر", "name_en": "Red Sea" },
  { "id": 26, "name": "الوادي الجديد", "name_en": "New Valley" },
  { "id": 27, "name": "مطروح", "name_en": "Matrouh" }
]
